{"0": {"ID": 10, "OfferTitle": "", "Cost": 10, "Multiplier": 1, "BrawlerID": 0, "SkinID": 0, "WhoBuyed": [], "ShopType": 0, "ShopDisplay": 0}, "1": {"ID": 16, "OfferTitle": "", "Cost": 0, "Multiplier": 100, "BrawlerID": 0, "SkinID": 0, "WhoBuyed": [], "ShopType": 0, "ShopDisplay": 1}, "2": {"ID": 4, "OfferTitle": "skin", "Cost": 100, "Multiplier": 1, "BrawlerID": 22, "SkinID": 190, "WhoBuyed": [], "ShopType": 0, "ShopDisplay": 0}, "3": {"ID": 8, "OfferTitle": "", "Cost": 28, "Multiplier": 23, "BrawlerID": 0, "SkinID": 0, "WhoBuyed": [], "ShopType": 1, "ShopDisplay": 1}, "4": {"ID": 3, "OfferTitle": "SURGE", "Cost": 1000, "Multiplier": 1, "BrawlerID": 38, "SkinID": 0, "WhoBuyed": [], "ShopType": 1, "ShopDisplay": 0}}